Email,Tag,First Name,Company 
exael446@students.psd1.org,TESTTAG-2021-09-11,exael446@students.psd1.org,exael446@students.psd1.org
alexander193@students.psd1.org,TESTTAG-2021-09-11,alexander193@students.psd1.org,alexander193@students.psd1.org
julian466@students.psd1.org,TESTTAG-2021-09-11,julian466@students.psd1.org,julian466@students.psd1.org
alexandro877@students.psd1.org,TESTTAG-2021-09-11,alexandro877@students.psd1.org,alexandro877@students.psd1.org
yahir390@students.psd1.org,TESTTAG-2021-09-11,yahir390@students.psd1.org,yahir390@students.psd1.org
emma140@students.psd1.org,TESTTAG-2021-09-11,emma140@students.psd1.org,emma140@students.psd1.org
lucy334@students.psd1.org,TESTTAG-2021-09-11,lucy334@students.psd1.org,lucy334@students.psd1.org
